{"headset": "WAHTS", "tablet": "Nexus 7", "calibrationPySVNRevision": "unavailable", "S1_Talker5_PARK_4_Noise_78_Spatial.wav": {"refType": "as-recorded", "RMSC": 0.22764338102401582, "realWorldRMSA": 1.0428876749562597, "RMSA": 0.09273724414779186, "wavRMSC": 0.3461062042397429, "wavRMSA": 0.1409965684891159, "calibrationFilter": "full", "wavRMSZ": 0.35080664715636245, "normFactor": 1.5203877340199474, "RMSZ": 0.23073498904705048, "realWorldRMSZ": 2.594757677668882, "realWorldRMSC": 2.5599906330726414, "scaleFactor": 0.13519823071552697}, "calibrationPyManualReleaseDate": 20150702, "audioProfileVersion": "07-Feb-2017 12:49:51"}