{"S1_Talker3_PALE_99_Noise_70_Mono.wav": {"refType": "as-recorded", "RMSC": 0.004268098552223108, "realWorldRMSA": 0.04919955614912947, "RMSA": 0.00437500508228027, "wavRMSC": 0.095657491654422708, "wavRMSA": 0.098053502520062091, "calibrationFilter": "full", "wavRMSZ": 0.09936781343959894, "normFactor": 22.412203111991865, "RMSZ": 0.004433647729456425, "realWorldRMSZ": 0.049859027888753835, "realWorldRMSC": 0.04799732809925609, "scaleFactor": 0.13519823071552697}, "headset": "Creare Headset", "S1_Talker1_RIP_99_Noise_70_Spatial.wav": {"refType": "as-recorded", "RMSC": 0.004632523322653096, "realWorldRMSA": 0.04818818618743877, "RMSA": 0.0042850703538235635, "wavRMSC": 0.10563137909380696, "wavRMSA": 0.09770871282503113, "calibrationFilter": "full", "wavRMSZ": 0.11098459357806292, "normFactor": 22.802125696220077, "RMSZ": 0.004867291543632746, "realWorldRMSZ": 0.05473561266592412, "realWorldRMSC": 0.05209550321395992, "scaleFactor": 0.13519823071552697}, "S1_Talker5_PARK_4_Noise_78_Spatial.wav": {"refType": "as-recorded", "RMSC": 0.017235183834142038, "realWorldRMSA": 0.15586262558051883, "RMSA": 0.013859876641679463, "wavRMSC": 0.09837269415436932, "wavRMSA": 0.07910756386527934, "calibrationFilter": "full", "wavRMSZ": 0.10403545692222917, "normFactor": 5.7076672405140192, "RMSZ": 0.018227316439151764, "realWorldRMSZ": 0.2049771055645482, "realWorldRMSC": 0.19381997936936746, "scaleFactor": 0.13519823071552697}, "tablet": "Nexus 7", "calibrationPySVNRevision": "unavailable", "S1_Talker6_TAM_-4_Noise_78_Mono.wav": {"refType": "as-recorded", "RMSC": 0.01855074970609758, "realWorldRMSA": 0.226427987979023, "RMSA": 0.020134807622573428, "wavRMSC": 0.15909721097612131, "wavRMSA": 0.17268260243084591, "calibrationFilter": "full", "wavRMSZ": 0.17266308890188575, "normFactor": 8.5763224396169004, "RMSZ": 0.020132532343268394, "realWorldRMSZ": 0.22640240109859253, "realWorldRMSC": 0.20861430663707894, "scaleFactor": 0.13519823071552697}, "calibrationPyManualReleaseDate": 20150702, "audioProfileVersion": "07-Feb-2017 12:49:51", "S1_Talker5_FIB_4_Noise_70_Mono.wav": {"refType": "as-recorded", "RMSC": 0.005654318995400084, "realWorldRMSA": 0.05807914160154494, "RMSA": 0.005164610406464622, "wavRMSC": 0.1155715418227794, "wavRMSA": 0.10556213543570231, "calibrationFilter": "full", "wavRMSZ": 0.12174377449279361, "normFactor": 20.439515690006075, "RMSZ": 0.005956294480711222, "realWorldRMSZ": 0.06698210384518329, "realWorldRMSC": 0.0635862083968785, "scaleFactor": 0.13519823071552697}, "S1_Talker5_LARK_-4_Noise_78_Spatial.wav": {"refType": "as-recorded", "RMSC": 0.029645245348711016, "realWorldRMSA": 0.29536161146394263, "RMSA": 0.026264638391216535, "wavRMSC": 0.12978618785231966, "wavRMSA": 0.11498596999346107, "calibrationFilter": "full", "wavRMSZ": 0.1386851913593069, "normFactor": 4.3779765127821015, "RMSZ": 0.03167792037129402, "realWorldRMSZ": 0.3562372140566327, "realWorldRMSC": 0.33337856428921764, "scaleFactor": 0.13519823071552697}}